id;country_name;created_date
1;content backing up Usability;2020-03-07T19:28:27
2;Hill Berkshire virtual;2020-03-07T02:09:17
3;Somali Shilling integrate actuating;2020-03-07T21:01:33
4;optimize Personal Loan Account;2020-03-07T14:06:37
5;Uganda;2020-03-07T14:27:47
6;Tasty Norway;2020-03-07T06:42:18
7;Bahamian Dollar overriding Savings Account;2020-03-07T14:18:09
8;even-keeled intuitive clear-thinking;2020-03-07T05:39:58
9;Fresh;2020-03-07T18:09:14
10;back up cutting-edge Cotton;2020-03-07T20:15:57
